{
  "latency_ms": {
    "avg": 0.0025841599972409313,
    "p95": 0.0031229001251631416,
    "iterations": 200
  },
  "timestamp": "2025-11-06T03:11:38.672079Z"
}